                  epoch,         train/box_loss,         train/seg_loss,         train/cls_loss,         train/dfl_loss,   metrics/precision(B),      metrics/recall(B),       metrics/mAP50(B),    metrics/mAP50-95(B),   metrics/precision(M),      metrics/recall(M),       metrics/mAP50(M),    metrics/mAP50-95(M),     metrics/IOU(pixel),      metrics/PA(pixel),           val/box_loss,           val/seg_loss,           val/cls_loss,           val/dfl_loss,                 lr/pg0,                 lr/pg1,                 lr/pg2
                      1,                0.01006,                0.01904,                 1.0891,                 1.6871,                0.32542,                0.18123,                0.18383,                 0.0915,                0.24276,                0.12312,                 0.1084,                0.04096,                0.07284,                0.39216,                0.00731,                0.01668,                0.67241,                 1.3073,             0.00038318,             0.00038318,             0.00038318
                      2,                0.00679,                0.01524,                0.56378,                 1.1846,                0.45325,                 0.3306,                0.31605,                0.17587,                0.35955,                0.26086,                0.21728,                0.09374,                0.09861,                0.41418,                0.00616,                0.01449,                0.48502,                 1.1225,              0.0007406,              0.0007406,              0.0007406
